Product,SKU
& APPLE CIDER HONEYCRISP 64 OZ,53902
& APPLE SPICED CIDER 64 OZ,42371
& HOL SPARKLING TEA VIOLETTE 750 ML BOTTLE,81760
& TRIPLE GINGER BREW 750 ML,51857
& WINTER WASSAIL PUNCH,55354
&CHOL SPARKLING HONEYCRISP APPLE BEVERAGE 12 OZ.,75374
ALOE JUICE GALLON ORGANIC,68099
APPLE JUICE 64 OZ,88463
APPLE JUICE ORG UNFILTERED 64 OZ-,42866
APPLE UICE ORG FILTERED 64 OZ,74685
C&SOMETHING SPRITZY WINTER SPARKLING,76687
C&SPARKLING CRANBERRY GINGER BREW CAN,81782
CARROT TURMERIC JUICE ORG 32 OZ,58823
CL SPARKLING WATER WINTER SANGRIA CAN,73086
COCONUT WATER NATURAL 16.9 OZ,63261
COUNTRY PEACH JUICE 64 OZ,45104
CRANBERRY APPLE JUICE ORG 64 OZ,56349
GINGER BEER CAN,74345
GINGER BREW REEDS EXTRA GINGER CAN,77621
GOLDEN OOLONG TEA,57007
GREEN TEA MATCHA 245 ML,57006
GREEN TEA UNSWEETENED 1 LT,46769
KID'S ORG APPLE JUICE BOX 8 PK,77916
KID'S ORG FRUIT PUNCH BOX 8 PK,77918
L FREEZER POPS ORGANIC,77797
L LIMEADE JALAPENO ORG 32 OZ,58825
L MANGO JUICE 8.45 OZ 4 PK,56933
L SOMETHING SPRITZY PINEAPPLE SPARKLING,78169
L SPARKLING WATER GREEN APPLE CAN,73063
L SPARKLING WATER TANGERINE VANILLA CAN,81449
LEMON ELDERFLOWER SODA 4 PK,60595
LEMONADE STRAWBERRY ORG 64 OZ,79497
MANGO NECTAR JUICE ORG 64 OZ,41907
MARGARITA MIX ORGANIC,81001
NEW ZEALAND WATER GAL,52867
OAT BEVERAGE,65148
ORG RICE BEVERAGE ORIGINAL,77814
ORGANIC LEMONADE LOW CALORIE 64 OZ,73084
PINEAPPLE JUICE 8.45 OZ 4 PK,94705
POWER OF 7 JUICE ORG GREEN 1 LT,59522
POWER OF 7 JUICE ORG PURPLE 1 LT,53187
POWER OF 7 JUICE ORG RED 1 LT,75108
POWER OF C JUICE ORG,72790
REED'S ZERO SUGAR EXTRA GINGER CANS,77694
SAN PELLEGRINO BLOOD ORANGE 6 PK,54961
SAN PELLEGRINO GRAPEFRUIT 6 PK,64759
SAN PELLEGRINO LIMONATA 6 PK,54888
SAN PELLEGRINO SPARKLING MINERAL WATER 750 ML,01664
SAN PELLEGRINO SPARKLING WATER .5 LTR,65103
SPARKLING FRENCH BERRYADE,47847
SPARKLING FRENCH LEMONADE,31737
SPARKLING FRENCH LIMEADE,85430
SPARKLING ROSE TEA ORGANIC 12 OZ CAN,77643
SPARKLING TEA & LEMONADE,81051
SPARKLING WATER BLUEBERRY LEMONADE 8 PK,65408
SPARKLING WATER CHERRY VANILLA CAN,77620
SPARKLING WATER CRAN CLEMENTINE 1 LT,60320
SPARKLING WATER CRANBERRY CLEMENTINE CAN,75201
SPARKLING WATER GRAPEFRUIT 1 LT,60321
SPARKLING WATER LEMON 1,94030
SPARKLING WATER LIME 8 PK,68699
SPARKLING WATER MANDARIN ORANGE 1 LT,94027
SPARKLING WATER PLAIN 1 LT,94022
SPARKLING WATER PLAIN 8 PK,68653
SPARKLING WATER RASPBERRY LIME 1 LT,94028
SPARKLING WATER RASPBERRY LIME CAN,68701
SPINDRIFT GRAPEFRUIT 8 PK,55119
SPINDRIFT ISLAND PUNCH CAN,81308
SPINDRIFT LEMON 8 PK,59187
SPINDRIFT ORANGE MANGO 8 PK,61453
SPINDRIFT RASPBERRY LIME 8 PK,54077
STRAWBERRY RHUBARB SODA 4 PK,60600
SWEET TEA GALLON,94280
TE AVA 1 LT,29898
TEJAVA 4 PK,94039
TONIC WATER 12 OZ CAN,65734
UNSWEETENED BLACK TEA GAL,73159
VILLA ITALIA ITALIAN SODA BLOOD ORANGE,82862
VILLA ITALIA ITALIAN SODA GRAPEFRUIT,82452
VIRGIL'S ROOT BEER CAN,77623
